[{"model": "myapi.image", "pk": 1, "fields": {"alt": "Books", "src": "images/image_1/Cat_Books.jpg"}}, {"model": "myapi.image", "pk": 2, "fields": {"alt": "Cars", "src": "images/image_2/Cat_Cars.jpg"}}, {"model": "myapi.image", "pk": 3, "fields": {"alt": "Fantasy", "src": "images/image_3/Cat_Books_Subcat_Fantasy.jpg"}}, {"model": "myapi.image", "pk": 4, "fields": {"alt": "Romance", "src": "images/image_4/Cat_Books_Subcat_Romance.jpg"}}, {"model": "myapi.image", "pk": 5, "fields": {"alt": "Science", "src": "images/image_5/Cat_Books_Subcat_Science.jpg"}}, {"model": "myapi.image", "pk": 6, "fields": {"alt": "Motorcycles", "src": "images/image_6/Cat_Cars_Subcat_Motorcycles.jpg"}}, {"model": "myapi.image", "pk": 7, "fields": {"alt": "Automobiles", "src": "images/image_7/Cat_Cars_Subcat_Automobiles.jpg"}}, {"model": "myapi.image", "pk": 8, "fields": {"alt": "Busses", "src": "images/image_8/Cat_Cars_Subcat_Buses.jpg"}}, {"model": "myapi.image", "pk": 9, "fields": {"alt": "English Folk Tales", "src": "images/image_9/Product_Book_Fantasy_1.jpg"}}, {"model": "myapi.image", "pk": 10, "fields": {"alt": "French Folk Tales", "src": "images/image_10/Product_Book_Fantasy_2.jpg"}}, {"model": "myapi.image", "pk": 11, "fields": {"alt": "Russian Folk Tales", "src": "images/image_11/Product_Book_Fantasy_3.jpg"}}, {"model": "myapi.image", "pk": 12, "fields": {"alt": "Jane Air", "src": "images/image_12/Product_Book_Romance_1.jpg"}}, {"model": "myapi.image", "pk": 13, "fields": {"alt": "Romeo and Juliette", "src": "images/image_13/Product_Book_Romance_2.jpg"}}, {"model": "myapi.image", "pk": 14, "fields": {"alt": "The thorn birds", "src": "images/image_14/Product_Book_Romance_3.jpg"}}, {"model": "myapi.image", "pk": 15, "fields": {"alt": "Entertaining physics", "src": "images/image_15/Product_Book_Science_1.jpg"}}, {"model": "myapi.image", "pk": 16, "fields": {"alt": "Entertaining chemistry", "src": "images/image_16/Product_Book_Science_2.jpg"}}, {"model": "myapi.image", "pk": 17, "fields": {"alt": "Entertaining mathematics", "src": "images/image_17/Product_Book_Science_3.jpg"}}, {"model": "myapi.image", "pk": 18, "fields": {"alt": "BMW", "src": "images/image_18/Product_Car_Moto_1.jpg"}}, {"model": "myapi.image", "pk": 19, "fields": {"alt": "Honda", "src": "images/image_19/Product_Car_Moto_2.jpg"}}, {"model": "myapi.image", "pk": 20, "fields": {"alt": "Harley Davidson", "src": "images/image_20/Product_Car_Moto_3.jpg"}}, {"model": "myapi.image", "pk": 21, "fields": {"alt": "Toyota", "src": "images/image_21/Product_Car_Auto_1.jpg"}}, {"model": "myapi.image", "pk": 22, "fields": {"alt": "Chevrolet", "src": "images/image_22/Product_Car_Auto_2.jpg"}}, {"model": "myapi.image", "pk": 23, "fields": {"alt": "Lincoln", "src": "images/image_23/Product_Car_Auto_3.jpg"}}, {"model": "myapi.image", "pk": 24, "fields": {"alt": "Mercedes", "src": "images/image_24/Product_Car_Buses_1.jpg"}}, {"model": "myapi.image", "pk": 25, "fields": {"alt": "Ikarus", "src": "images/image_25/Product_Car_Buses_2.jpg"}}, {"model": "myapi.image", "pk": 26, "fields": {"alt": "Neoplan", "src": "images/image_26/Product_Car_Buses_3.jpg"}}, {"model": "myapi.catalogitem", "pk": 1, "fields": {"title": "Books", "image": 1, "parent": null}}, {"model": "myapi.catalogitem", "pk": 2, "fields": {"title": "Cars", "image": 2, "parent": null}}, {"model": "myapi.catalogitem", "pk": 3, "fields": {"title": "Fantasy", "image": 3, "parent": 1}}, {"model": "myapi.catalogitem", "pk": 4, "fields": {"title": "Romance", "image": 4, "parent": 1}}, {"model": "myapi.catalogitem", "pk": 5, "fields": {"title": "Science", "image": 5, "parent": 1}}, {"model": "myapi.catalogitem", "pk": 6, "fields": {"title": "Motorcycles", "image": 6, "parent": 2}}, {"model": "myapi.catalogitem", "pk": 7, "fields": {"title": "Automobiles", "image": 7, "parent": 2}}, {"model": "myapi.catalogitem", "pk": 8, "fields": {"title": "Busses", "image": 8, "parent": 2}}, {"model": "myapi.tag", "pk": 1, "fields": {"name": "English"}}, {"model": "myapi.tag", "pk": 2, "fields": {"name": "Reading"}}, {"model": "myapi.tag", "pk": 3, "fields": {"name": "French"}}, {"model": "myapi.tag", "pk": 4, "fields": {"name": "School"}}, {"model": "myapi.tag", "pk": 5, "fields": {"name": "Russian"}}, {"model": "myapi.tag", "pk": 6, "fields": {"name": "Folk"}}, {"model": "myapi.tag", "pk": 7, "fields": {"name": "Love"}}, {"model": "myapi.tag", "pk": 8, "fields": {"name": "Drama"}}, {"model": "myapi.tag", "pk": 9, "fields": {"name": "Adventures"}}, {"model": "myapi.tag", "pk": 10, "fields": {"name": "Physics"}}, {"model": "myapi.tag", "pk": 11, "fields": {"name": "Chemistry"}}, {"model": "myapi.tag", "pk": 12, "fields": {"name": "Mathematics"}}, {"model": "myapi.tag", "pk": 13, "fields": {"name": "Moto"}}, {"model": "myapi.tag", "pk": 14, "fields": {"name": "Auto"}}, {"model": "myapi.tag", "pk": 15, "fields": {"name": "Bus"}}, {"model": "myapi.review", "pk": 5, "fields": {"author": "Adrian Babira", "email": "adrianbabira@gmail.com", "text": "First Review", "rate": 5, "date": "2023-09-16T11:17:01.894Z"}}, {"model": "myapi.review", "pk": 6, "fields": {"author": "Adrian Babira", "email": "adrianbabira@gmail.com", "text": "Second Review", "rate": 4, "date": "2023-09-16T11:17:36.070Z"}}, {"model": "myapi.review", "pk": 7, "fields": {"author": "Adrian Babira", "email": "adrianbabira@gmail.com", "text": "Third review", "rate": 3, "date": "2023-09-16T11:18:33.223Z"}}, {"model": "myapi.review", "pk": 8, "fields": {"author": "Adrian Babira", "email": "adrianbabira@gmail.com", "text": "Fourth review", "rate": 2, "date": "2023-09-16T11:20:10.722Z"}}, {"model": "myapi.review", "pk": 9, "fields": {"author": "Adrian Babira", "email": "adrianbabira@gmail.com", "text": "Fifth review", "rate": 1, "date": "2023-09-16T11:21:46.701Z"}}, {"model": "myapi.review", "pk": 10, "fields": {"author": "Name", "email": "adrianbabira@gmail.com", "text": "Last Review", "rate": 1, "date": "2023-09-16T15:17:32.165Z"}}, {"model": "myapi.review", "pk": 11, "fields": {"author": "some_group", "email": "adrianbabira@gmail.com", "text": "fff", "rate": 5, "date": "2023-09-16T16:42:58.119Z"}}, {"model": "myapi.review", "pk": 12, "fields": {"author": "another_group", "email": "adrianbabira@gmail.com", "text": "rttghgbb", "rate": 5, "date": "2023-09-16T18:05:54.826Z"}}, {"model": "myapi.review", "pk": 13, "fields": {"author": "some_group", "email": "adrianbabira@gmail.com", "text": "cdvv vvc", "rate": 5, "date": "2023-09-16T18:17:01.839Z"}}, {"model": "myapi.review", "pk": 14, "fields": {"author": "Shevrolet", "email": "adrianbabira@gmail.com", "text": "PPPP", "rate": 5, "date": "2023-09-16T18:19:23.317Z"}}, {"model": "myapi.review", "pk": 15, "fields": {"author": "Shevrolet", "email": "adrianbabira@gmail.com", "text": "PPPP", "rate": 5, "date": "2023-09-16T18:19:30.705Z"}}, {"model": "myapi.review", "pk": 16, "fields": {"author": "Shevrolet", "email": "adrianbabira@gmail.com", "text": "PPPP", "rate": 5, "date": "2023-09-16T18:19:59.748Z"}}, {"model": "myapi.review", "pk": 17, "fields": {"author": "another_group", "email": "adrianbabira@gmail.com", "text": "swfhytwrhyqr", "rate": 5, "date": "2023-09-16T18:22:42.041Z"}}, {"model": "myapi.review", "pk": 18, "fields": {"author": "Adrian Babira", "email": "adrianbabira@gmail.com", "text": "Last review", "rate": 5, "date": "2023-09-16T18:29:12.910Z"}}, {"model": "myapi.review", "pk": 19, "fields": {"author": "Name", "email": "adrianbabira@gmail.com", "text": "New review", "rate": 5, "date": "2023-09-18T21:23:47.424Z"}}, {"model": "myapi.specification", "pk": 1, "fields": {"name": "Year of production", "value": "1969"}}, {"model": "myapi.product", "pk": 1, "fields": {"category": 3, "price": "15.00", "count": 24, "date": "2023-09-13T18:44:08.318Z", "title": "English Folk Tales", "description": "English Folk Tales English Folk Tales English Folk Tales English Folk Tales English Folk Tales English Folk Tales English Folk Tales English Folk Tales English Folk Tales", "freeDelivery": false, "limited_edition": true, "fullDescription": "English Folk Tales English Folk Tales English Folk Tales English Folk Tales English Folk Tales English Folk Tales English Folk Tales English Folk Tales English Folk Tales", "images": [9], "tags": [1, 2], "reviews": [], "specifications": []}}, {"model": "myapi.product", "pk": 2, "fields": {"category": 3, "price": "33.00", "count": 5, "date": "2023-09-13T20:19:48.667Z", "title": "French Folk Tales", "description": "French Folk Tales French Folk Tales French Folk Tales French Folk Tales French Folk Tales French Folk Tales French Folk Tales French Folk Tales French Folk Tales", "freeDelivery": false, "limited_edition": false, "fullDescription": "French Folk Tales French Folk Tales French Folk Tales French Folk Tales French Folk Tales French Folk Tales French Folk Tales French Folk Tales French Folk Tales", "images": [10], "tags": [3, 4], "reviews": [], "specifications": []}}, {"model": "myapi.product", "pk": 3, "fields": {"category": 3, "price": "41.00", "count": 10, "date": "2023-09-13T20:23:35.680Z", "title": "Russian Folk Tales", "description": "Russian Folk Tales Russian Folk Tales Russian Folk Tales Russian Folk Tales Russian Folk Tales Russian Folk Tales Russian Folk Tales Russian Folk Tales Russian Folk Tales", "freeDelivery": false, "limited_edition": false, "fullDescription": "Russian Folk Tales Russian Folk Tales Russian Folk Tales Russian Folk Tales Russian Folk Tales Russian Folk Tales Russian Folk Tales Russian Folk Tales Russian Folk Tales", "images": [11], "tags": [6, 5], "reviews": [], "specifications": []}}, {"model": "myapi.product", "pk": 4, "fields": {"category": 4, "price": "24.00", "count": 9, "date": "2023-09-13T20:25:21.543Z", "title": "Jane Air", "description": "Jane Air Jane Air Jane Air Jane Air Jane Air Jane Air Jane Air Jane Air Jane Air", "freeDelivery": false, "limited_edition": false, "fullDescription": "Jane Air Jane Air Jane Air Jane Air Jane Air Jane Air Jane Air Jane Air Jane Air", "images": [12], "tags": [7], "reviews": [], "specifications": []}}, {"model": "myapi.product", "pk": 5, "fields": {"category": 4, "price": "16.00", "count": 8, "date": "2023-09-13T20:27:43.138Z", "title": "Romeo and Juliette", "description": "Romeo and Juliette Romeo and Juliette Romeo and Juliette Romeo and Juliette Romeo and Juliette Romeo and Juliette Romeo and Juliette Romeo and Juliette Romeo and Juliette", "freeDelivery": false, "limited_edition": false, "fullDescription": "Romeo and Juliette Romeo and Juliette Romeo and Juliette Romeo and Juliette Romeo and Juliette Romeo and Juliette Romeo and Juliette Romeo and Juliette Romeo and Juliette", "images": [13], "tags": [8], "reviews": [], "specifications": []}}, {"model": "myapi.product", "pk": 6, "fields": {"category": 4, "price": "18.00", "count": 2, "date": "2023-09-13T20:29:27.508Z", "title": "The thorn birds", "description": "The thorn birds The thorn birds The thorn birds The thorn birds The thorn birds The thorn birds The thorn birds The thorn birds The thorn birds", "freeDelivery": false, "limited_edition": false, "fullDescription": "The thorn birds The thorn birds The thorn birds The thorn birds The thorn birds The thorn birds The thorn birds The thorn birds The thorn birds", "images": [14], "tags": [9], "reviews": [], "specifications": []}}, {"model": "myapi.product", "pk": 7, "fields": {"category": 5, "price": "31.00", "count": 15, "date": "2023-09-13T20:32:24.186Z", "title": "Entertaining physics", "description": "Entertaining physics Entertaining physics Entertaining physics Entertaining physics Entertaining physics Entertaining physics Entertaining physics Entertaining physics Entertaining physics", "freeDelivery": false, "limited_edition": false, "fullDescription": "Entertaining physics Entertaining physics Entertaining physics Entertaining physics Entertaining physics Entertaining physics Entertaining physics Entertaining physics Entertaining physics", "images": [15], "tags": [10], "reviews": [19], "specifications": []}}, {"model": "myapi.product", "pk": 8, "fields": {"category": 5, "price": "42.00", "count": 18, "date": "2023-09-13T20:34:10.840Z", "title": "Entertaining chemistry", "description": "Entertaining chemistry Entertaining chemistry Entertaining chemistry Entertaining chemistry Entertaining chemistry Entertaining chemistry Entertaining chemistry Entertaining chemistry Entertaining chemistry", "freeDelivery": false, "limited_edition": false, "fullDescription": "Entertaining chemistry Entertaining chemistry Entertaining chemistry Entertaining chemistry Entertaining chemistry Entertaining chemistry Entertaining chemistry Entertaining chemistry Entertaining chemistry", "images": [16], "tags": [11], "reviews": [], "specifications": []}}, {"model": "myapi.product", "pk": 9, "fields": {"category": 5, "price": "65.00", "count": 11, "date": "2023-09-13T20:37:15.557Z", "title": "Entertaining mathematics", "description": "Entertaining mathematics Entertaining mathematics Entertaining mathematics Entertaining mathematics Entertaining mathematics Entertaining mathematics Entertaining mathematics Entertaining mathematics Entertaining mathematics", "freeDelivery": false, "limited_edition": false, "fullDescription": "Entertaining mathematics Entertaining mathematics Entertaining mathematics Entertaining mathematics Entertaining mathematics Entertaining mathematics Entertaining mathematics Entertaining mathematics Entertaining mathematics", "images": [17], "tags": [12], "reviews": [], "specifications": []}}, {"model": "myapi.product", "pk": 10, "fields": {"category": 6, "price": "4000.00", "count": 3, "date": "2023-09-13T20:38:51.863Z", "title": "BMW", "description": "BMW BMW BMW BMW BMW BMW BMW BMW BMW", "freeDelivery": false, "limited_edition": false, "fullDescription": "BMW BMW BMW BMW BMW BMW BMW BMW BMW", "images": [18], "tags": [13], "reviews": [], "specifications": []}}, {"model": "myapi.product", "pk": 11, "fields": {"category": 6, "price": "6000.00", "count": 1, "date": "2023-09-13T20:39:46.297Z", "title": "Honda", "description": "Honda Honda Honda Honda Honda Honda Honda Honda Honda", "freeDelivery": false, "limited_edition": false, "fullDescription": "Honda Honda Honda Honda Honda Honda Honda Honda Honda", "images": [19], "tags": [13], "reviews": [], "specifications": []}}, {"model": "myapi.product", "pk": 12, "fields": {"category": 6, "price": "14000.00", "count": 1, "date": "2023-09-13T20:40:41.581Z", "title": "Harley Davidson", "description": "Harley Davidson Harley Davidson Harley Davidson Harley Davidson Harley Davidson Harley Davidson Harley Davidson Harley Davidson Harley Davidson", "freeDelivery": false, "limited_edition": false, "fullDescription": "Harley Davidson Harley Davidson Harley Davidson Harley Davidson Harley Davidson Harley Davidson Harley Davidson Harley Davidson Harley Davidson", "images": [20], "tags": [13], "reviews": [], "specifications": []}}, {"model": "myapi.product", "pk": 13, "fields": {"category": 7, "price": "16000.00", "count": 4, "date": "2023-09-13T20:42:16.153Z", "title": "Toyota", "description": "Toyota Toyota Toyota Toyota Toyota Toyota Toyota Toyota Toyota", "freeDelivery": false, "limited_edition": false, "fullDescription": "Toyota Toyota Toyota Toyota Toyota Toyota Toyota Toyota Toyota", "images": [21], "tags": [14], "reviews": [], "specifications": []}}, {"model": "myapi.product", "pk": 14, "fields": {"category": 7, "price": "19000.00", "count": 0, "date": "2023-09-13T20:43:20.340Z", "title": "Chevrolet", "description": "Chevrolet Chevrolet Chevrolet Chevrolet Chevrolet Chevrolet Chevrolet Chevrolet Chevrolet", "freeDelivery": false, "limited_edition": true, "fullDescription": "Chevrolet Chevrolet Chevrolet Chevrolet Chevrolet Chevrolet Chevrolet Chevrolet Chevrolet", "images": [22], "tags": [14], "reviews": [], "specifications": [1]}}, {"model": "myapi.product", "pk": 15, "fields": {"category": 7, "price": "35000.00", "count": 6, "date": "2023-09-13T20:44:23.195Z", "title": "Lincoln", "description": "Lincoln Lincoln Lincoln Lincoln Lincoln Lincoln Lincoln Lincoln Lincoln", "freeDelivery": false, "limited_edition": false, "fullDescription": "Lincoln Lincoln Lincoln Lincoln Lincoln Lincoln Lincoln Lincoln Lincoln", "images": [23], "tags": [14], "reviews": [], "specifications": []}}, {"model": "myapi.product", "pk": 16, "fields": {"category": 8, "price": "54000.00", "count": 3, "date": "2023-09-13T20:45:50.161Z", "title": "Mercedes", "description": "Mercedes Mercedes Mercedes Mercedes Mercedes Mercedes Mercedes Mercedes Mercedes", "freeDelivery": false, "limited_edition": false, "fullDescription": "Mercedes Mercedes Mercedes Mercedes Mercedes Mercedes Mercedes Mercedes Mercedes", "images": [24], "tags": [15], "reviews": [], "specifications": []}}, {"model": "myapi.product", "pk": 17, "fields": {"category": 8, "price": "41200.00", "count": 2, "date": "2023-09-13T20:46:56.109Z", "title": "Ikarus", "description": "Ikarus Ikarus Ikarus Ikarus Ikarus Ikarus Ikarus Ikarus Ikarus", "freeDelivery": false, "limited_edition": false, "fullDescription": "Ikarus Ikarus Ikarus Ikarus Ikarus Ikarus Ikarus Ikarus Ikarus", "images": [25], "tags": [15], "reviews": [], "specifications": []}}, {"model": "myapi.product", "pk": 18, "fields": {"category": 8, "price": "40500.00", "count": 4, "date": "2023-09-13T20:47:51.663Z", "title": "Neoplan", "description": "Neoplan Neoplan Neoplan Neoplan Neoplan Neoplan Neoplan Neoplan Neoplan", "freeDelivery": false, "limited_edition": true, "fullDescription": "Neoplan Neoplan Neoplan Neoplan Neoplan Neoplan Neoplan Neoplan Neoplan", "images": [26], "tags": [15], "reviews": [5, 6, 7, 8, 9, 18, 10, 14, 15, 16, 12, 17, 11, 13], "specifications": []}}, {"model": "myapi.delivery", "pk": 1, "fields": {"name": "express", "price": "500.00", "is_free_from": "0.00"}}, {"model": "myapi.delivery", "pk": 2, "fields": {"name": "ordinary", "price": "200.00", "is_free_from": "2000.00"}}]